<asdoc>

<packageRec name='eu.alebianco.robotlegs.utils.impl.null' fullname='eu.alebianco.robotlegs.utils.impl.null'>
<description><![CDATA[

 Author:  Alessandro Bianco

 Website: http://alessandrobianco.eu

 Twitter: ]]></description>
<alebianco><![CDATA[
 Created: 26/07/12 8.32

 
 Copyright © 2011 - 2013 Alessandro Bianco

 ]]></alebianco>
</packageRec>
<classRec name='SubCommandPayload' fullname='eu.alebianco.robotlegs.utils.impl:SubCommandPayload' sourcefile='C:\Users\Alessandro\Skydrive\Workspace\Libraries\robotlegs-utilities-macrobot\src\eu\alebianco\robotlegs\utils\impl\SubCommandPayload.as' namespace='eu.alebianco.robotlegs.utils.impl' access='public' baseclass='Object' isFinal='false' isDynamic='false' >
</classRec>
<method name='SubCommandPayload' fullname='eu.alebianco.robotlegs.utils.impl:SubCommandPayload/SubCommandPayload' isStatic='false' isFinal='false' isOverride='false'  param_names='data' param_types='*' param_defaults='null' result_type='*'>
</method>
<method name='fromClass' fullname='eu.alebianco.robotlegs.utils.impl:SubCommandPayload/fromClass' isStatic='false' isFinal='false' isOverride='false'  param_names='dataClass' param_types='Class' param_defaults='undefined' result_type='eu.alebianco.robotlegs.utils.impl:SubCommandPayload'>
</method>
<method name='withName' fullname='eu.alebianco.robotlegs.utils.impl:SubCommandPayload/withName' isStatic='false' isFinal='false' isOverride='false'  param_names='name' param_types='String' param_defaults='undefined' result_type='eu.alebianco.robotlegs.utils.impl:SubCommandPayload'>
</method>
<method name='dataClass' fullname='eu.alebianco.robotlegs.utils.impl:SubCommandPayload/dataClass/get' isStatic='false' isFinal='false' isOverride='false'  result_type='Class'>
</method>
<method name='data' fullname='eu.alebianco.robotlegs.utils.impl:SubCommandPayload/data/get' isStatic='false' isFinal='false' isOverride='false'  result_type='*'>
</method>
<method name='name' fullname='eu.alebianco.robotlegs.utils.impl:SubCommandPayload/name/get' isStatic='false' isFinal='false' isOverride='false'  result_type='String'>
</method>
<field name='_dataClass' fullname='eu.alebianco.robotlegs.utils.impl:SubCommandPayload/private:_dataClass' type='Class' isStatic='false' isConst='false' >
</field>
<field name='_data' fullname='eu.alebianco.robotlegs.utils.impl:SubCommandPayload/private:_data' type='' isStatic='false' isConst='false' >
</field>
<field name='_name' fullname='eu.alebianco.robotlegs.utils.impl:SubCommandPayload/private:_name' type='String' isStatic='false' isConst='false' >
</field>
<packageRec name='eu.alebianco.robotlegs.utils.impl.null' fullname='eu.alebianco.robotlegs.utils.impl.null'>
<description><![CDATA[

 Author:  Alessandro Bianco

 Website: http://alessandrobianco.eu

 Twitter: ]]></description>
<alebianco><![CDATA[
 Created: 26/07/12 8.32

 
 Copyright © 2011 - 2013 Alessandro Bianco

 ]]></alebianco>
</packageRec>
<classRec name='AsyncCommand' fullname='eu.alebianco.robotlegs.utils.impl:AsyncCommand' sourcefile='C:\Users\Alessandro\Skydrive\Workspace\Libraries\robotlegs-utilities-macrobot\src\eu\alebianco\robotlegs\utils\impl\AsyncCommand.as' namespace='eu.alebianco.robotlegs.utils.impl' access='public' baseclass='Object' interfaces='eu.alebianco.robotlegs.utils.api:IAsyncCommand' isFinal='false' isDynamic='false' >
</classRec>
<method name='addCompletionListener' fullname='eu.alebianco.robotlegs.utils.impl:AsyncCommand/addCompletionListener' isStatic='false' isFinal='false' isOverride='false'  param_names='listener' param_types='Function' param_defaults='undefined' result_type='void'>
</method>
<method name='dispatchComplete' fullname='eu.alebianco.robotlegs.utils.impl:AsyncCommand/protected:dispatchComplete' isStatic='false' isFinal='false' isOverride='false'  param_names='success' param_types='Boolean' param_defaults='undefined' result_type='void'>
</method>
<method name='execute' fullname='eu.alebianco.robotlegs.utils.impl:AsyncCommand/execute' isStatic='false' isFinal='false' isOverride='false'  result_type='void'>
</method>
<field name='context' fullname='eu.alebianco.robotlegs.utils.impl:AsyncCommand/context' type='robotlegs.bender.framework.api:IContext' isStatic='false' isConst='false' >
</field>
<field name='listeners' fullname='eu.alebianco.robotlegs.utils.impl:AsyncCommand/protected:listeners' type='Array' isStatic='false' isConst='false' >
</field>
<packageRec name='eu.alebianco.robotlegs.utils.impl.null' fullname='eu.alebianco.robotlegs.utils.impl.null'>
<description><![CDATA[

 Author:  Alessandro Bianco

 Website: http://alessandrobianco.eu

 Twitter: ]]></description>
<alebianco><![CDATA[
\ 
 Copyright © 2011 - 2013 Alessandro Bianco

 ]]></alebianco>
</packageRec>
<classRec name='AbstractMacro' fullname='eu.alebianco.robotlegs.utils.impl:AbstractMacro' sourcefile='C:\Users\Alessandro\Skydrive\Workspace\Libraries\robotlegs-utilities-macrobot\src\eu\alebianco\robotlegs\utils\impl\AbstractMacro.as' namespace='eu.alebianco.robotlegs.utils.impl' access='internal' baseclass='eu.alebianco.robotlegs.utils.impl:AsyncCommand' interfaces='eu.alebianco.robotlegs.utils.api:IMacro' isFinal='false' isDynamic='false' >
</classRec>
<method name='addSubCommand' fullname='eu.alebianco.robotlegs.utils.impl:AbstractMacro/addSubCommand' isStatic='false' isFinal='false' isOverride='false'  param_names='commandClass' param_types='Class' param_defaults='undefined' result_type='eu.alebianco.robotlegs.utils.dsl:MacroMapping'>
</method>
<method name='commandCompleteHandler' fullname='eu.alebianco.robotlegs.utils.impl:AbstractMacro/protected:commandCompleteHandler' isStatic='false' isFinal='false' isOverride='false'  param_names='success' param_types='Boolean' param_defaults='undefined' result_type='void'>
</method>
<method name='executeCommand' fullname='eu.alebianco.robotlegs.utils.impl:AbstractMacro/protected:executeCommand' isStatic='false' isFinal='false' isOverride='false'  param_names='command' param_types='robotlegs.bender.extensions.commandCenter.api:ICommand' param_defaults='undefined' result_type='void'>
</method>
<method name='execute' fullname='eu.alebianco.robotlegs.utils.impl:AbstractMacro/execute' isStatic='false' isFinal='false' isOverride='true'  result_type='void'>
</method>
<method name='initialize' fullname='eu.alebianco.robotlegs.utils.impl:AbstractMacro/initialize' isStatic='false' isFinal='false' isOverride='false'  result_type='void'>
</method>
<method name='prepareCommand' fullname='eu.alebianco.robotlegs.utils.impl:AbstractMacro/protected:prepareCommand' isStatic='false' isFinal='false' isOverride='false'  param_names='mapping' param_types='eu.alebianco.robotlegs.utils.api:IMacroMapping' param_defaults='undefined' result_type='robotlegs.bender.extensions.commandCenter.api:ICommand'>
</method>
<method name='prepare' fullname='eu.alebianco.robotlegs.utils.impl:AbstractMacro/prepare' isStatic='false' isFinal='false' isOverride='false'  result_type='void'>
</method>
<field name='commands' fullname='eu.alebianco.robotlegs.utils.impl:AbstractMacro/protected:commands' type='Vector$eu.alebianco.robotlegs.utils.api:IMacroMapping' isStatic='false' isConst='false' >
</field>
<field name='injector' fullname='eu.alebianco.robotlegs.utils.impl:AbstractMacro/injector' type='org.swiftsuspenders:Injector' isStatic='false' isConst='false' >
</field>
<field name='success' fullname='eu.alebianco.robotlegs.utils.impl:AbstractMacro/protected:success' type='Boolean' isStatic='false' isConst='false' defaultValue='true' >
</field>
<packageRec name='eu.alebianco.robotlegs.utils.impl.null' fullname='eu.alebianco.robotlegs.utils.impl.null'>
<description><![CDATA[

 Author:  Alessandro Bianco

 Website: http://alessandrobianco.eu

 Twitter: ]]></description>
<alebianco><![CDATA[
 Created: 26/07/12 8.32

 
 Copyright © 2011 - 2013 Alessandro Bianco

 ]]></alebianco>
</packageRec>
<classRec name='SequenceMacro' fullname='eu.alebianco.robotlegs.utils.impl:SequenceMacro' sourcefile='C:\Users\Alessandro\Skydrive\Workspace\Libraries\robotlegs-utilities-macrobot\src\eu\alebianco\robotlegs\utils\impl\SequenceMacro.as' namespace='eu.alebianco.robotlegs.utils.impl' access='public' baseclass='eu.alebianco.robotlegs.utils.impl:AbstractMacro' interfaces='eu.alebianco.robotlegs.utils.api:IMacro' isFinal='false' isDynamic='false' >
</classRec>
<method name='commandCompleteHandler' fullname='eu.alebianco.robotlegs.utils.impl:SequenceMacro/protected:commandCompleteHandler' isStatic='false' isFinal='false' isOverride='true'  param_names='success' param_types='Boolean' param_defaults='undefined' result_type='void'>
</method>
<method name='executeNext' fullname='eu.alebianco.robotlegs.utils.impl:SequenceMacro/protected:executeNext' isStatic='false' isFinal='false' isOverride='false'  result_type='void'>
</method>
<method name='execute' fullname='eu.alebianco.robotlegs.utils.impl:SequenceMacro/execute' isStatic='false' isFinal='false' isOverride='true'  result_type='void'>
</method>
<field name='atomic' fullname='eu.alebianco.robotlegs.utils.impl:SequenceMacro/atomic' type='Boolean' isStatic='false' isConst='false' defaultValue='true' >
</field>
<field name='executionIndex' fullname='eu.alebianco.robotlegs.utils.impl:SequenceMacro/protected:executionIndex' type='uint' isStatic='false' isConst='false' >
</field>
<packageRec name='eu.alebianco.robotlegs.utils.impl.null' fullname='eu.alebianco.robotlegs.utils.impl.null'>
<description><![CDATA[

 Author:  Alessandro Bianco

 Website: http://alessandrobianco.eu

 Twitter: ]]></description>
<alebianco><![CDATA[
 Created: 26/07/12 8.32

 
 Copyright © 2011 - 2013 Alessandro Bianco

 ]]></alebianco>
</packageRec>
<classRec name='ParallelMacro' fullname='eu.alebianco.robotlegs.utils.impl:ParallelMacro' sourcefile='C:\Users\Alessandro\Skydrive\Workspace\Libraries\robotlegs-utilities-macrobot\src\eu\alebianco\robotlegs\utils\impl\ParallelMacro.as' namespace='eu.alebianco.robotlegs.utils.impl' access='public' baseclass='eu.alebianco.robotlegs.utils.impl:AbstractMacro' interfaces='eu.alebianco.robotlegs.utils.api:IMacro' isFinal='false' isDynamic='false' >
</classRec>
<method name='commandCompleteHandler' fullname='eu.alebianco.robotlegs.utils.impl:ParallelMacro/protected:commandCompleteHandler' isStatic='false' isFinal='false' isOverride='true'  param_names='success' param_types='Boolean' param_defaults='undefined' result_type='void'>
</method>
<method name='execute' fullname='eu.alebianco.robotlegs.utils.impl:ParallelMacro/execute' isStatic='false' isFinal='false' isOverride='true'  result_type='void'>
</method>
<method name='findApprovedCommands' fullname='eu.alebianco.robotlegs.utils.impl:ParallelMacro/protected:findApprovedCommands' isStatic='false' isFinal='false' isOverride='false'  param_names='mappings' param_types='Vector$eu.alebianco.robotlegs.utils.api:IMacroMapping' param_defaults='undefined' result_type='Vector$eu.alebianco.robotlegs.utils.api:IMacroMapping'>
</method>
<field name='numCommandsExecuting' fullname='eu.alebianco.robotlegs.utils.impl:ParallelMacro/protected:numCommandsExecuting' type='uint' isStatic='false' isConst='false' defaultValue='0' >
</field>
<packageRec name='eu.alebianco.robotlegs.utils.api.null' fullname='eu.alebianco.robotlegs.utils.api.null'>
<description><![CDATA[

 Author:  Alessandro Bianco

 Website: http://alessandrobianco.eu

 Twitter: ]]></description>
<alebianco><![CDATA[
 Created: 26/07/12 8.32

 
 Copyright © 2011 - 2013 Alessandro Bianco

 ]]></alebianco>
</packageRec>
<interfaceRec name='IMacroMapping' fullname='eu.alebianco.robotlegs.utils.api:IMacroMapping' sourcefile='C:\Users\Alessandro\Skydrive\Workspace\Libraries\robotlegs-utilities-macrobot\src\eu\alebianco\robotlegs\utils\api\IMacroMapping.as' namespace='eu.alebianco.robotlegs.utils.api' access='public' baseClasses='Object' isFinal='false' isDynamic='false' >
</interfaceRec>
<method name='withGuards' fullname='eu.alebianco.robotlegs.utils.api:IMacroMapping/eu.alebianco.robotlegs.utils.api:IMacroMapping:withGuards' isStatic='false' isFinal='false' isOverride='false'  param_names='guards' param_types='restParam' param_defaults='undefined' result_type='eu.alebianco.robotlegs.utils.api:IMacroMapping'>
</method>
<method name='withHooks' fullname='eu.alebianco.robotlegs.utils.api:IMacroMapping/eu.alebianco.robotlegs.utils.api:IMacroMapping:withHooks' isStatic='false' isFinal='false' isOverride='false'  param_names='hooks' param_types='restParam' param_defaults='undefined' result_type='eu.alebianco.robotlegs.utils.api:IMacroMapping'>
</method>
<method name='withPayloads' fullname='eu.alebianco.robotlegs.utils.api:IMacroMapping/eu.alebianco.robotlegs.utils.api:IMacroMapping:withPayloads' isStatic='false' isFinal='false' isOverride='false'  param_names='payloads' param_types='restParam' param_defaults='undefined' result_type='eu.alebianco.robotlegs.utils.api:IMacroMapping'>
</method>
<method name='commandClass' fullname='eu.alebianco.robotlegs.utils.api:IMacroMapping/eu.alebianco.robotlegs.utils.api:IMacroMapping:commandClass/get' isStatic='false' isFinal='false' isOverride='false'  result_type='Class'>
</method>
<method name='guards' fullname='eu.alebianco.robotlegs.utils.api:IMacroMapping/eu.alebianco.robotlegs.utils.api:IMacroMapping:guards/get' isStatic='false' isFinal='false' isOverride='false'  result_type='Array'>
</method>
<method name='hooks' fullname='eu.alebianco.robotlegs.utils.api:IMacroMapping/eu.alebianco.robotlegs.utils.api:IMacroMapping:hooks/get' isStatic='false' isFinal='false' isOverride='false'  result_type='Array'>
</method>
<method name='payloads' fullname='eu.alebianco.robotlegs.utils.api:IMacroMapping/eu.alebianco.robotlegs.utils.api:IMacroMapping:payloads/get' isStatic='false' isFinal='false' isOverride='false'  result_type='Array'>
</method>
<packageRec name='eu.alebianco.robotlegs.utils.api.null' fullname='eu.alebianco.robotlegs.utils.api.null'>
<description><![CDATA[

 Author:  Alessandro Bianco

 Website: http://alessandrobianco.eu

 Twitter: ]]></description>
<alebianco><![CDATA[
 Created: 26/07/12 8.32

 
 Copyright © 2011 - 2013 Alessandro Bianco

 ]]></alebianco>
</packageRec>
<interfaceRec name='IMacro' fullname='eu.alebianco.robotlegs.utils.api:IMacro' sourcefile='C:\Users\Alessandro\Skydrive\Workspace\Libraries\robotlegs-utilities-macrobot\src\eu\alebianco\robotlegs\utils\api\IMacro.as' namespace='eu.alebianco.robotlegs.utils.api' access='public' baseClasses='robotlegs.bender.extensions.commandCenter.api:ICommand' isFinal='false' isDynamic='false' >
</interfaceRec>
<method name='addSubCommand' fullname='eu.alebianco.robotlegs.utils.api:IMacro/eu.alebianco.robotlegs.utils.api:IMacro:addSubCommand' isStatic='false' isFinal='false' isOverride='false'  param_names='commandClass' param_types='Class' param_defaults='undefined' result_type='eu.alebianco.robotlegs.utils.dsl:MacroMapping'>
</method>
<method name='prepare' fullname='eu.alebianco.robotlegs.utils.api:IMacro/eu.alebianco.robotlegs.utils.api:IMacro:prepare' isStatic='false' isFinal='false' isOverride='false'  result_type='void'>
</method>
<packageRec name='eu.alebianco.robotlegs.utils.api.null' fullname='eu.alebianco.robotlegs.utils.api.null'>
<description><![CDATA[

 Author:  Alessandro Bianco

 Website: http://alessandrobianco.eu

 Twitter: ]]></description>
<alebianco><![CDATA[
 Created: 26/07/12 8.32

 
 Copyright © 2011 - 2013 Alessandro Bianco

 ]]></alebianco>
</packageRec>
<interfaceRec name='IAsyncCommand' fullname='eu.alebianco.robotlegs.utils.api:IAsyncCommand' sourcefile='C:\Users\Alessandro\Skydrive\Workspace\Libraries\robotlegs-utilities-macrobot\src\eu\alebianco\robotlegs\utils\api\IAsyncCommand.as' namespace='eu.alebianco.robotlegs.utils.api' access='public' baseClasses='robotlegs.bender.extensions.commandCenter.api:ICommand' isFinal='false' isDynamic='false' >
</interfaceRec>
<method name='addCompletionListener' fullname='eu.alebianco.robotlegs.utils.api:IAsyncCommand/eu.alebianco.robotlegs.utils.api:IAsyncCommand:addCompletionListener' isStatic='false' isFinal='false' isOverride='false'  param_names='listener' param_types='Function' param_defaults='undefined' result_type='void'>
</method>
<packageRec name='eu.alebianco.robotlegs.utils.dsl.null' fullname='eu.alebianco.robotlegs.utils.dsl.null'>
<description><![CDATA[

 Author:  Alessandro Bianco

 Website: http://alessandrobianco.eu

 Twitter: ]]></description>
<alebianco><![CDATA[
 Created: 26/07/12 8.32

 
 Copyright © 2011 - 2013 Alessandro Bianco

 ]]></alebianco>
</packageRec>
<classRec name='MacroMapping' fullname='eu.alebianco.robotlegs.utils.dsl:MacroMapping' sourcefile='C:\Users\Alessandro\Skydrive\Workspace\Libraries\robotlegs-utilities-macrobot\src\eu\alebianco\robotlegs\utils\dsl\MacroMapping.as' namespace='eu.alebianco.robotlegs.utils.dsl' access='public' baseclass='Object' interfaces='eu.alebianco.robotlegs.utils.api:IMacroMapping' isFinal='false' isDynamic='false' >
</classRec>
<method name='MacroMapping' fullname='eu.alebianco.robotlegs.utils.dsl:MacroMapping/MacroMapping' isStatic='false' isFinal='false' isOverride='false'  param_names='commandClass' param_types='Class' param_defaults='undefined' result_type='*'>
</method>
<method name='withGuards' fullname='eu.alebianco.robotlegs.utils.dsl:MacroMapping/withGuards' isStatic='false' isFinal='false' isOverride='false'  param_names='guards' param_types='restParam' param_defaults='undefined' result_type='eu.alebianco.robotlegs.utils.api:IMacroMapping'>
</method>
<method name='withHooks' fullname='eu.alebianco.robotlegs.utils.dsl:MacroMapping/withHooks' isStatic='false' isFinal='false' isOverride='false'  param_names='hooks' param_types='restParam' param_defaults='undefined' result_type='eu.alebianco.robotlegs.utils.api:IMacroMapping'>
</method>
<method name='withPayloads' fullname='eu.alebianco.robotlegs.utils.dsl:MacroMapping/withPayloads' isStatic='false' isFinal='false' isOverride='false'  param_names='payloads' param_types='restParam' param_defaults='undefined' result_type='eu.alebianco.robotlegs.utils.api:IMacroMapping'>
</method>
<method name='commandClass' fullname='eu.alebianco.robotlegs.utils.dsl:MacroMapping/commandClass/get' isStatic='false' isFinal='false' isOverride='false'  result_type='Class'>
</method>
<method name='guards' fullname='eu.alebianco.robotlegs.utils.dsl:MacroMapping/guards/get' isStatic='false' isFinal='false' isOverride='false'  result_type='Array'>
</method>
<method name='hooks' fullname='eu.alebianco.robotlegs.utils.dsl:MacroMapping/hooks/get' isStatic='false' isFinal='false' isOverride='false'  result_type='Array'>
</method>
<method name='payloads' fullname='eu.alebianco.robotlegs.utils.dsl:MacroMapping/payloads/get' isStatic='false' isFinal='false' isOverride='false'  result_type='Array'>
</method>
<field name='_commandClass' fullname='eu.alebianco.robotlegs.utils.dsl:MacroMapping/private:_commandClass' type='Class' isStatic='false' isConst='false' >
</field>
<field name='_guards' fullname='eu.alebianco.robotlegs.utils.dsl:MacroMapping/private:_guards' type='Array' isStatic='false' isConst='false' defaultValue='unknown' >
</field>
<field name='_hooks' fullname='eu.alebianco.robotlegs.utils.dsl:MacroMapping/private:_hooks' type='Array' isStatic='false' isConst='false' defaultValue='unknown' >
</field>
<field name='_payloads' fullname='eu.alebianco.robotlegs.utils.dsl:MacroMapping/private:_payloads' type='Array' isStatic='false' isConst='false' defaultValue='unknown' >
</field>
</asdoc>
