<asdoc>

<packageRec name='eu.alebianco.robotlegs.utils.dsl.null' fullname='eu.alebianco.robotlegs.utils.dsl.null'>
<description><![CDATA[
 Author:  alessandro.bianco
 Website: http://alessandrobianco.eu
 Twitter: ]]></description>
<alebianco><![CDATA[Created: 12/06/2013 11:24
  Copyright © 2013 Alessandro Bianco
 ]]></alebianco>
</packageRec>
<interfaceRec name='ISubCommandConfigurator' fullname='eu.alebianco.robotlegs.utils.dsl:ISubCommandConfigurator' sourcefile='C:\Users\Alessandro\Skydrive\Workspace\Personal\robotlegs-utilities-macrobot\src\eu\alebianco\robotlegs\utils\dsl\ISubCommandConfigurator.as' namespace='eu.alebianco.robotlegs.utils.dsl' access='public' baseClasses='Object' isFinal='false' isDynamic='false' >
</interfaceRec>
<method name='withExecuteMethod' fullname='eu.alebianco.robotlegs.utils.dsl:ISubCommandConfigurator/eu.alebianco.robotlegs.utils.dsl:ISubCommandConfigurator:withExecuteMethod' isStatic='false' isFinal='false' isOverride='false'  param_names='name' param_types='String' param_defaults='undefined' result_type='eu.alebianco.robotlegs.utils.dsl:ISubCommandConfigurator'>
</method>
<method name='withGuards' fullname='eu.alebianco.robotlegs.utils.dsl:ISubCommandConfigurator/eu.alebianco.robotlegs.utils.dsl:ISubCommandConfigurator:withGuards' isStatic='false' isFinal='false' isOverride='false'  param_names='guards' param_types='restParam' param_defaults='undefined' result_type='eu.alebianco.robotlegs.utils.dsl:ISubCommandConfigurator'>
</method>
<method name='withHooks' fullname='eu.alebianco.robotlegs.utils.dsl:ISubCommandConfigurator/eu.alebianco.robotlegs.utils.dsl:ISubCommandConfigurator:withHooks' isStatic='false' isFinal='false' isOverride='false'  param_names='hooks' param_types='restParam' param_defaults='undefined' result_type='eu.alebianco.robotlegs.utils.dsl:ISubCommandConfigurator'>
</method>
<method name='withPayloads' fullname='eu.alebianco.robotlegs.utils.dsl:ISubCommandConfigurator/eu.alebianco.robotlegs.utils.dsl:ISubCommandConfigurator:withPayloads' isStatic='false' isFinal='false' isOverride='false'  param_names='payloads' param_types='restParam' param_defaults='undefined' result_type='eu.alebianco.robotlegs.utils.dsl:ISubCommandConfigurator'>
</method>
<packageRec name='eu.alebianco.robotlegs.utils.dsl.null' fullname='eu.alebianco.robotlegs.utils.dsl.null'>
<description><![CDATA[
 Author:  alessandro.bianco
 Website: http://alessandrobianco.eu
 Twitter: ]]></description>
<alebianco><![CDATA[Created: 12/06/2013 11:24
  Copyright © 2013 Alessandro Bianco
 ]]></alebianco>
</packageRec>
<interfaceRec name='ISubCommandMapper' fullname='eu.alebianco.robotlegs.utils.dsl:ISubCommandMapper' sourcefile='C:\Users\Alessandro\Skydrive\Workspace\Personal\robotlegs-utilities-macrobot\src\eu\alebianco\robotlegs\utils\dsl\ISubCommandMapper.as' namespace='eu.alebianco.robotlegs.utils.dsl' access='public' baseClasses='Object' isFinal='false' isDynamic='false' >
</interfaceRec>
<method name='add' fullname='eu.alebianco.robotlegs.utils.dsl:ISubCommandMapper/eu.alebianco.robotlegs.utils.dsl:ISubCommandMapper:add' isStatic='false' isFinal='false' isOverride='false'  param_names='commandClass' param_types='Class' param_defaults='undefined' result_type='eu.alebianco.robotlegs.utils.dsl:ISubCommandConfigurator'>
</method>
<packageRec name='eu.alebianco.robotlegs.utils.dsl.null' fullname='eu.alebianco.robotlegs.utils.dsl.null'>
<description><![CDATA[
 Author:  alessandro.bianco
 Website: http://alessandrobianco.eu
 Twitter: ]]></description>
<alebianco><![CDATA[Created: 12/06/2013 11:24
  Copyright © 2013 Alessandro Bianco
 ]]></alebianco>
</packageRec>
<interfaceRec name='ISubCommandUnMapper' fullname='eu.alebianco.robotlegs.utils.dsl:ISubCommandUnMapper' sourcefile='C:\Users\Alessandro\Skydrive\Workspace\Personal\robotlegs-utilities-macrobot\src\eu\alebianco\robotlegs\utils\dsl\ISubCommandUnMapper.as' namespace='eu.alebianco.robotlegs.utils.dsl' access='public' baseClasses='Object' isFinal='false' isDynamic='false' >
</interfaceRec>
<method name='remove' fullname='eu.alebianco.robotlegs.utils.dsl:ISubCommandUnMapper/eu.alebianco.robotlegs.utils.dsl:ISubCommandUnMapper:remove' isStatic='false' isFinal='false' isOverride='false'  param_names='commandClass' param_types='Class' param_defaults='undefined' result_type='void'>
</method>
<packageRec name='eu.alebianco.robotlegs.utils.dsl.null' fullname='eu.alebianco.robotlegs.utils.dsl.null'>
<description><![CDATA[
 Author:  alessandro.bianco
 Website: http://alessandrobianco.eu
 Twitter: ]]></description>
<alebianco><![CDATA[Created: 11/06/2013 14:50
  Copyright © 2013 Alessandro Bianco
 ]]></alebianco>
</packageRec>
<interfaceRec name='ISubCommandMappingList' fullname='eu.alebianco.robotlegs.utils.dsl:ISubCommandMappingList' sourcefile='C:\Users\Alessandro\Skydrive\Workspace\Personal\robotlegs-utilities-macrobot\src\eu\alebianco\robotlegs\utils\dsl\ISubCommandMappingList.as' namespace='eu.alebianco.robotlegs.utils.dsl' access='public' baseClasses='Object' isFinal='false' isDynamic='false' >
</interfaceRec>
<method name='addMapping' fullname='eu.alebianco.robotlegs.utils.dsl:ISubCommandMappingList/eu.alebianco.robotlegs.utils.dsl:ISubCommandMappingList:addMapping' isStatic='false' isFinal='false' isOverride='false'  param_names='mapping' param_types='eu.alebianco.robotlegs.utils.api:ISubCommandMapping' param_defaults='undefined' result_type='void'>
</method>
<method name='getList' fullname='eu.alebianco.robotlegs.utils.dsl:ISubCommandMappingList/eu.alebianco.robotlegs.utils.dsl:ISubCommandMappingList:getList' isStatic='false' isFinal='false' isOverride='false'  result_type='Vector$eu.alebianco.robotlegs.utils.api:ISubCommandMapping'>
</method>
<method name='removeAllMappings' fullname='eu.alebianco.robotlegs.utils.dsl:ISubCommandMappingList/eu.alebianco.robotlegs.utils.dsl:ISubCommandMappingList:removeAllMappings' isStatic='false' isFinal='false' isOverride='false'  result_type='void'>
</method>
<method name='removeMapping' fullname='eu.alebianco.robotlegs.utils.dsl:ISubCommandMappingList/eu.alebianco.robotlegs.utils.dsl:ISubCommandMappingList:removeMapping' isStatic='false' isFinal='false' isOverride='false'  param_names='mapping' param_types='eu.alebianco.robotlegs.utils.api:ISubCommandMapping' param_defaults='undefined' result_type='void'>
</method>
<method name='removeMappingsFor' fullname='eu.alebianco.robotlegs.utils.dsl:ISubCommandMappingList/eu.alebianco.robotlegs.utils.dsl:ISubCommandMappingList:removeMappingsFor' isStatic='false' isFinal='false' isOverride='false'  param_names='commandClass' param_types='Class' param_defaults='undefined' result_type='void'>
</method>
<packageRec name='eu.alebianco.robotlegs.utils.api.null' fullname='eu.alebianco.robotlegs.utils.api.null'>
<description><![CDATA[
 Author:  Alessandro Bianco
 Website: http://alessandrobianco.eu
 Twitter: ]]></description>
<alebianco><![CDATA[Created: 26/07/12 8.32
  Copyright © 2011 - 2013 Alessandro Bianco
 ]]></alebianco>
</packageRec>
<interfaceRec name='IMacro' fullname='eu.alebianco.robotlegs.utils.api:IMacro' sourcefile='C:\Users\Alessandro\Skydrive\Workspace\Personal\robotlegs-utilities-macrobot\src\eu\alebianco\robotlegs\utils\api\IMacro.as' namespace='eu.alebianco.robotlegs.utils.api' access='public' baseClasses='robotlegs.bender.extensions.commandCenter.api:ICommand;eu.alebianco.robotlegs.utils.dsl:ISubCommandMapper;eu.alebianco.robotlegs.utils.dsl:ISubCommandUnMapper' isFinal='false' isDynamic='false' >
</interfaceRec>
<method name='prepare' fullname='eu.alebianco.robotlegs.utils.api:IMacro/eu.alebianco.robotlegs.utils.api:IMacro:prepare' isStatic='false' isFinal='false' isOverride='false'  result_type='void'>
</method>
<packageRec name='eu.alebianco.robotlegs.utils.api.null' fullname='eu.alebianco.robotlegs.utils.api.null'>
<description><![CDATA[
 Author:  Alessandro Bianco
 Website: http://alessandrobianco.eu
 Twitter: ]]></description>
<alebianco><![CDATA[Created: 26/07/12 8.32
  Copyright © 2011 - 2013 Alessandro Bianco
 ]]></alebianco>
</packageRec>
<interfaceRec name='IAsyncCommand' fullname='eu.alebianco.robotlegs.utils.api:IAsyncCommand' sourcefile='C:\Users\Alessandro\Skydrive\Workspace\Personal\robotlegs-utilities-macrobot\src\eu\alebianco\robotlegs\utils\api\IAsyncCommand.as' namespace='eu.alebianco.robotlegs.utils.api' access='public' baseClasses='robotlegs.bender.extensions.commandCenter.api:ICommand' isFinal='false' isDynamic='false' >
</interfaceRec>
<method name='registerCompleteCallback' fullname='eu.alebianco.robotlegs.utils.api:IAsyncCommand/eu.alebianco.robotlegs.utils.api:IAsyncCommand:registerCompleteCallback' isStatic='false' isFinal='false' isOverride='false'  param_names='callback' param_types='Function' param_defaults='undefined' result_type='void'>
</method>
<packageRec name='eu.alebianco.robotlegs.utils.api.null' fullname='eu.alebianco.robotlegs.utils.api.null'>
<description><![CDATA[

 Author:  Alessandro Bianco

 Website: http://alessandrobianco.eu

 Twitter: ]]></description>
<alebianco><![CDATA[
 Created: 26/07/12 8.32

 
 Copyright © 2011 - 2013 Alessandro Bianco

 ]]></alebianco>
</packageRec>
<interfaceRec name='ISubCommandMapping' fullname='eu.alebianco.robotlegs.utils.api:ISubCommandMapping' sourcefile='C:\Users\Alessandro\Skydrive\Workspace\Personal\robotlegs-utilities-macrobot\src\eu\alebianco\robotlegs\utils\api\ISubCommandMapping.as' namespace='eu.alebianco.robotlegs.utils.api' access='public' baseClasses='Object' isFinal='false' isDynamic='false' >
</interfaceRec>
<method name='getOrCreateCommandInstance' fullname='eu.alebianco.robotlegs.utils.api:ISubCommandMapping/eu.alebianco.robotlegs.utils.api:ISubCommandMapping:getOrCreateCommandInstance' isStatic='false' isFinal='false' isOverride='false'  param_names='injector' param_types='robotlegs.bender.framework.api:IInjector' param_defaults='undefined' result_type='robotlegs.bender.extensions.commandCenter.api:ICommand'>
</method>
<method name='commandClass' fullname='eu.alebianco.robotlegs.utils.api:ISubCommandMapping/eu.alebianco.robotlegs.utils.api:ISubCommandMapping:commandClass/get' isStatic='false' isFinal='false' isOverride='false'  result_type='Class'>
</method>
<method name='executeMethod' fullname='eu.alebianco.robotlegs.utils.api:ISubCommandMapping/eu.alebianco.robotlegs.utils.api:ISubCommandMapping:executeMethod/get' isStatic='false' isFinal='false' isOverride='false'  result_type='String'>
</method>
<method name='guards' fullname='eu.alebianco.robotlegs.utils.api:ISubCommandMapping/eu.alebianco.robotlegs.utils.api:ISubCommandMapping:guards/get' isStatic='false' isFinal='false' isOverride='false'  result_type='Array'>
</method>
<method name='hooks' fullname='eu.alebianco.robotlegs.utils.api:ISubCommandMapping/eu.alebianco.robotlegs.utils.api:ISubCommandMapping:hooks/get' isStatic='false' isFinal='false' isOverride='false'  result_type='Array'>
</method>
<method name='payloads' fullname='eu.alebianco.robotlegs.utils.api:ISubCommandMapping/eu.alebianco.robotlegs.utils.api:ISubCommandMapping:payloads/get' isStatic='false' isFinal='false' isOverride='false'  result_type='Array'>
</method>
<packageRec name='eu.alebianco.robotlegs.utils.impl.null' fullname='eu.alebianco.robotlegs.utils.impl.null'>
<description><![CDATA[
 Author:  alessandro.bianco
 Website: http://alessandrobianco.eu
 Twitter: ]]></description>
<alebianco><![CDATA[Created: 12/06/2013 11:27
  Copyright © 2013 Alessandro Bianco
 ]]></alebianco>
</packageRec>
<classRec name='SubCommandMappingList' fullname='eu.alebianco.robotlegs.utils.impl:SubCommandMappingList' sourcefile='C:\Users\Alessandro\Skydrive\Workspace\Personal\robotlegs-utilities-macrobot\src\eu\alebianco\robotlegs\utils\impl\SubCommandMappingList.as' namespace='eu.alebianco.robotlegs.utils.impl' access='internal' baseclass='Object' interfaces='eu.alebianco.robotlegs.utils.dsl:ISubCommandMappingList' isFinal='true' isDynamic='false' >
</classRec>
<method name='addMapping' fullname='eu.alebianco.robotlegs.utils.impl:SubCommandMappingList/addMapping' isStatic='false' isFinal='false' isOverride='false'  param_names='mapping' param_types='eu.alebianco.robotlegs.utils.api:ISubCommandMapping' param_defaults='undefined' result_type='void'>
</method>
<method name='deleteMapping' fullname='eu.alebianco.robotlegs.utils.impl:SubCommandMappingList/private:deleteMapping' isStatic='false' isFinal='false' isOverride='false'  param_names='mapping' param_types='eu.alebianco.robotlegs.utils.api:ISubCommandMapping' param_defaults='undefined' result_type='void'>
</method>
<method name='getList' fullname='eu.alebianco.robotlegs.utils.impl:SubCommandMappingList/getList' isStatic='false' isFinal='false' isOverride='false'  result_type='Vector$eu.alebianco.robotlegs.utils.api:ISubCommandMapping'>
</method>
<method name='removeAllMappings' fullname='eu.alebianco.robotlegs.utils.impl:SubCommandMappingList/removeAllMappings' isStatic='false' isFinal='false' isOverride='false'  result_type='void'>
</method>
<method name='removeMapping' fullname='eu.alebianco.robotlegs.utils.impl:SubCommandMappingList/removeMapping' isStatic='false' isFinal='false' isOverride='false'  param_names='mapping' param_types='eu.alebianco.robotlegs.utils.api:ISubCommandMapping' param_defaults='undefined' result_type='void'>
</method>
<method name='removeMappingsFor' fullname='eu.alebianco.robotlegs.utils.impl:SubCommandMappingList/removeMappingsFor' isStatic='false' isFinal='false' isOverride='false'  param_names='commandClass' param_types='Class' param_defaults='undefined' result_type='void'>
</method>
<method name='storeMapping' fullname='eu.alebianco.robotlegs.utils.impl:SubCommandMappingList/private:storeMapping' isStatic='false' isFinal='false' isOverride='false'  param_names='mapping' param_types='eu.alebianco.robotlegs.utils.api:ISubCommandMapping' param_defaults='undefined' result_type='void'>
</method>
<field name='_mappingByCommand' fullname='eu.alebianco.robotlegs.utils.impl:SubCommandMappingList/private:_mappingByCommand' type='flash.utils:Dictionary' isStatic='false' isConst='false' defaultValue='unknown' >
</field>
<field name='_mappings' fullname='eu.alebianco.robotlegs.utils.impl:SubCommandMappingList/private:_mappings' type='Vector$eu.alebianco.robotlegs.utils.api:ISubCommandMapping' isStatic='false' isConst='false' defaultValue='unknown' >
</field>
<packageRec name='eu.alebianco.robotlegs.utils.impl.null' fullname='eu.alebianco.robotlegs.utils.impl.null'>
<description><![CDATA[

 Author:  Alessandro Bianco

 Website: http://alessandrobianco.eu

 Twitter: ]]></description>
<alebianco><![CDATA[
 Created: 26/07/12 8.32

 
 Copyright © 2011 - 2013 Alessandro Bianco

 ]]></alebianco>
</packageRec>
<classRec name='AsyncCommand' fullname='eu.alebianco.robotlegs.utils.impl:AsyncCommand' sourcefile='C:\Users\Alessandro\Skydrive\Workspace\Personal\robotlegs-utilities-macrobot\src\eu\alebianco\robotlegs\utils\impl\AsyncCommand.as' namespace='eu.alebianco.robotlegs.utils.impl' access='public' baseclass='Object' interfaces='eu.alebianco.robotlegs.utils.api:IAsyncCommand' isFinal='false' isDynamic='false' >
</classRec>
<method name='dispatchComplete' fullname='eu.alebianco.robotlegs.utils.impl:AsyncCommand/protected:dispatchComplete' isStatic='false' isFinal='false' isOverride='false'  param_names='success' param_types='Boolean' param_defaults='undefined' result_type='void'>
</method>
<method name='execute' fullname='eu.alebianco.robotlegs.utils.impl:AsyncCommand/execute' isStatic='false' isFinal='false' isOverride='false'  result_type='void'>
</method>
<method name='registerCompleteCallback' fullname='eu.alebianco.robotlegs.utils.impl:AsyncCommand/registerCompleteCallback' isStatic='false' isFinal='false' isOverride='false'  param_names='listener' param_types='Function' param_defaults='undefined' result_type='void'>
</method>
<field name='context' fullname='eu.alebianco.robotlegs.utils.impl:AsyncCommand/context' type='robotlegs.bender.framework.api:IContext' isStatic='false' isConst='false' >
</field>
<field name='listeners' fullname='eu.alebianco.robotlegs.utils.impl:AsyncCommand/protected:listeners' type='Array' isStatic='false' isConst='false' >
</field>
<packageRec name='eu.alebianco.robotlegs.utils.impl.null' fullname='eu.alebianco.robotlegs.utils.impl.null'>
<description><![CDATA[

 Author:  Alessandro Bianco

 Website: http://alessandrobianco.eu

 Twitter: ]]></description>
<alebianco><![CDATA[
 Created: 26/07/12 8.32

 
 Copyright © 2011 - 2013 Alessandro Bianco

 ]]></alebianco>
</packageRec>
<classRec name='SubCommandPayload' fullname='eu.alebianco.robotlegs.utils.impl:SubCommandPayload' sourcefile='C:\Users\Alessandro\Skydrive\Workspace\Personal\robotlegs-utilities-macrobot\src\eu\alebianco\robotlegs\utils\impl\SubCommandPayload.as' namespace='eu.alebianco.robotlegs.utils.impl' access='public' baseclass='Object' isFinal='true' isDynamic='false' >
</classRec>
<method name='SubCommandPayload' fullname='eu.alebianco.robotlegs.utils.impl:SubCommandPayload/SubCommandPayload' isStatic='false' isFinal='false' isOverride='false'  param_names='data;type' param_types='*;Class' param_defaults='undefined;null' result_type='*'>
</method>
<method name='ofClass' fullname='eu.alebianco.robotlegs.utils.impl:SubCommandPayload/ofClass' isStatic='false' isFinal='false' isOverride='false'  param_names='type' param_types='Class' param_defaults='undefined' result_type='eu.alebianco.robotlegs.utils.impl:SubCommandPayload'>
</method>
<method name='withName' fullname='eu.alebianco.robotlegs.utils.impl:SubCommandPayload/withName' isStatic='false' isFinal='false' isOverride='false'  param_names='name' param_types='String' param_defaults='undefined' result_type='eu.alebianco.robotlegs.utils.impl:SubCommandPayload'>
</method>
<method name='data' fullname='eu.alebianco.robotlegs.utils.impl:SubCommandPayload/data/get' isStatic='false' isFinal='false' isOverride='false'  result_type='*'>
</method>
<method name='name' fullname='eu.alebianco.robotlegs.utils.impl:SubCommandPayload/name/get' isStatic='false' isFinal='false' isOverride='false'  result_type='String'>
</method>
<method name='reflector' fullname='eu.alebianco.robotlegs.utils.impl:SubCommandPayload/private:reflector/get' isStatic='false' isFinal='false' isOverride='false'  result_type='org.swiftsuspenders.reflection:Reflector'>
</method>
<method name='type' fullname='eu.alebianco.robotlegs.utils.impl:SubCommandPayload/type/get' isStatic='false' isFinal='false' isOverride='false'  result_type='Class'>
</method>
<field name='_data' fullname='eu.alebianco.robotlegs.utils.impl:SubCommandPayload/private:_data' type='' isStatic='false' isConst='false' >
</field>
<field name='_name' fullname='eu.alebianco.robotlegs.utils.impl:SubCommandPayload/private:_name' type='String' isStatic='false' isConst='false' >
</field>
<field name='_reflector' fullname='eu.alebianco.robotlegs.utils.impl:SubCommandPayload/private:_reflector' type='org.swiftsuspenders.reflection:Reflector' isStatic='true' isConst='false' >
</field>
<field name='_type' fullname='eu.alebianco.robotlegs.utils.impl:SubCommandPayload/private:_type' type='Class' isStatic='false' isConst='false' >
</field>
<packageRec name='eu.alebianco.robotlegs.utils.impl.null' fullname='eu.alebianco.robotlegs.utils.impl.null'>
<description><![CDATA[

 Author:  Alessandro Bianco

 Website: http://alessandrobianco.eu

 Twitter: ]]></description>
<alebianco><![CDATA[
 \ 
 Copyright © 2011 - 2013 Alessandro Bianco

 ]]></alebianco>
</packageRec>
<classRec name='AbstractMacro' fullname='eu.alebianco.robotlegs.utils.impl:AbstractMacro' sourcefile='C:\Users\Alessandro\Skydrive\Workspace\Personal\robotlegs-utilities-macrobot\src\eu\alebianco\robotlegs\utils\impl\AbstractMacro.as' namespace='eu.alebianco.robotlegs.utils.impl' access='internal' baseclass='eu.alebianco.robotlegs.utils.impl:AsyncCommand' interfaces='eu.alebianco.robotlegs.utils.api:IMacro' isFinal='false' isDynamic='false' >
</classRec>
<method name='addInstance' fullname='eu.alebianco.robotlegs.utils.impl:AbstractMacro/addInstance' isStatic='false' isFinal='false' isOverride='false'  param_names='command' param_types='robotlegs.bender.extensions.commandCenter.api:ICommand' param_defaults='undefined' result_type='eu.alebianco.robotlegs.utils.dsl:ISubCommandConfigurator'>
</method>
<method name='add' fullname='eu.alebianco.robotlegs.utils.impl:AbstractMacro/add' isStatic='false' isFinal='false' isOverride='false'  param_names='commandClass' param_types='Class' param_defaults='undefined' result_type='eu.alebianco.robotlegs.utils.dsl:ISubCommandConfigurator'>
</method>
<method name='commandCompleteHandler' fullname='eu.alebianco.robotlegs.utils.impl:AbstractMacro/protected:commandCompleteHandler' isStatic='false' isFinal='false' isOverride='false'  param_names='success' param_types='Boolean' param_defaults='undefined' result_type='void'>
</method>
<method name='executeCommand' fullname='eu.alebianco.robotlegs.utils.impl:AbstractMacro/protected:executeCommand' isStatic='false' isFinal='false' isOverride='false'  param_names='mapping' param_types='eu.alebianco.robotlegs.utils.api:ISubCommandMapping' param_defaults='undefined' result_type='void'>
</method>
<method name='execute' fullname='eu.alebianco.robotlegs.utils.impl:AbstractMacro/execute' isStatic='false' isFinal='false' isOverride='true'  result_type='void'>
</method>
<method name='initialize' fullname='eu.alebianco.robotlegs.utils.impl:AbstractMacro/initialize' isStatic='false' isFinal='false' isOverride='false'  result_type='void'>
</method>
<method name='mapPayloads' fullname='eu.alebianco.robotlegs.utils.impl:AbstractMacro/protected:mapPayloads' isStatic='false' isFinal='false' isOverride='false'  param_names='payloads' param_types='Array' param_defaults='undefined' result_type='void'>
</method>
<method name='prepare' fullname='eu.alebianco.robotlegs.utils.impl:AbstractMacro/prepare' isStatic='false' isFinal='false' isOverride='false'  result_type='void'>
</method>
<method name='remove' fullname='eu.alebianco.robotlegs.utils.impl:AbstractMacro/remove' isStatic='false' isFinal='false' isOverride='false'  param_names='commandClass' param_types='Class' param_defaults='undefined' result_type='void'>
</method>
<method name='unmapPayloads' fullname='eu.alebianco.robotlegs.utils.impl:AbstractMacro/protected:unmapPayloads' isStatic='false' isFinal='false' isOverride='false'  param_names='payloads' param_types='Array' param_defaults='undefined' result_type='void'>
</method>
<field name='injector' fullname='eu.alebianco.robotlegs.utils.impl:AbstractMacro/injector' type='robotlegs.bender.framework.api:IInjector' isStatic='false' isConst='false' >
</field>
<field name='mappings' fullname='eu.alebianco.robotlegs.utils.impl:AbstractMacro/protected:mappings' type='eu.alebianco.robotlegs.utils.impl:SubCommandMappingList' isStatic='false' isConst='false' defaultValue='unknown' >
</field>
<packageRec name='eu.alebianco.robotlegs.utils.impl.null' fullname='eu.alebianco.robotlegs.utils.impl.null'>
<description><![CDATA[

 Author:  Alessandro Bianco

 Website: http://alessandrobianco.eu

 Twitter: ]]></description>
<alebianco><![CDATA[
 Created: 26/07/12 8.32

 
 Copyright © 2011 - 2013 Alessandro Bianco

 ]]></alebianco>
</packageRec>
<classRec name='SubCommandMapping' fullname='eu.alebianco.robotlegs.utils.impl:SubCommandMapping' sourcefile='C:\Users\Alessandro\Skydrive\Workspace\Personal\robotlegs-utilities-macrobot\src\eu\alebianco\robotlegs\utils\impl\SubCommandMapping.as' namespace='eu.alebianco.robotlegs.utils.impl' access='internal' baseclass='Object' interfaces='eu.alebianco.robotlegs.utils.api:ISubCommandMapping;eu.alebianco.robotlegs.utils.dsl:ISubCommandConfigurator' isFinal='false' isDynamic='false' >
</classRec>
<method name='SubCommandMapping' fullname='eu.alebianco.robotlegs.utils.impl:SubCommandMapping/SubCommandMapping' isStatic='false' isFinal='false' isOverride='false'  param_names='commandClass' param_types='Class' param_defaults='undefined' result_type='*'>
</method>
<method name='getOrCreateCommandInstance' fullname='eu.alebianco.robotlegs.utils.impl:SubCommandMapping/getOrCreateCommandInstance' isStatic='false' isFinal='false' isOverride='false'  param_names='injector' param_types='robotlegs.bender.framework.api:IInjector' param_defaults='undefined' result_type='robotlegs.bender.extensions.commandCenter.api:ICommand'>
</method>
<method name='withExecuteMethod' fullname='eu.alebianco.robotlegs.utils.impl:SubCommandMapping/withExecuteMethod' isStatic='false' isFinal='false' isOverride='false'  param_names='name' param_types='String' param_defaults='undefined' result_type='eu.alebianco.robotlegs.utils.dsl:ISubCommandConfigurator'>
</method>
<method name='withGuards' fullname='eu.alebianco.robotlegs.utils.impl:SubCommandMapping/withGuards' isStatic='false' isFinal='false' isOverride='false'  param_names='guards' param_types='restParam' param_defaults='undefined' result_type='eu.alebianco.robotlegs.utils.dsl:ISubCommandConfigurator'>
</method>
<method name='withHooks' fullname='eu.alebianco.robotlegs.utils.impl:SubCommandMapping/withHooks' isStatic='false' isFinal='false' isOverride='false'  param_names='hooks' param_types='restParam' param_defaults='undefined' result_type='eu.alebianco.robotlegs.utils.dsl:ISubCommandConfigurator'>
</method>
<method name='withPayloads' fullname='eu.alebianco.robotlegs.utils.impl:SubCommandMapping/withPayloads' isStatic='false' isFinal='false' isOverride='false'  param_names='payloads' param_types='restParam' param_defaults='undefined' result_type='eu.alebianco.robotlegs.utils.dsl:ISubCommandConfigurator'>
</method>
<method name='commandClass' fullname='eu.alebianco.robotlegs.utils.impl:SubCommandMapping/commandClass/get' isStatic='false' isFinal='false' isOverride='false'  result_type='Class'>
</method>
<method name='executeMethod' fullname='eu.alebianco.robotlegs.utils.impl:SubCommandMapping/executeMethod/get' isStatic='false' isFinal='false' isOverride='false'  result_type='String'>
</method>
<method name='guards' fullname='eu.alebianco.robotlegs.utils.impl:SubCommandMapping/guards/get' isStatic='false' isFinal='false' isOverride='false'  result_type='Array'>
</method>
<method name='hooks' fullname='eu.alebianco.robotlegs.utils.impl:SubCommandMapping/hooks/get' isStatic='false' isFinal='false' isOverride='false'  result_type='Array'>
</method>
<method name='payloads' fullname='eu.alebianco.robotlegs.utils.impl:SubCommandMapping/payloads/get' isStatic='false' isFinal='false' isOverride='false'  result_type='Array'>
</method>
<field name='_commandClass' fullname='eu.alebianco.robotlegs.utils.impl:SubCommandMapping/private:_commandClass' type='Class' isStatic='false' isConst='false' >
</field>
<field name='_executeMethod' fullname='eu.alebianco.robotlegs.utils.impl:SubCommandMapping/private:_executeMethod' type='String' isStatic='false' isConst='false' defaultValue='execute' >
</field>
<field name='_guards' fullname='eu.alebianco.robotlegs.utils.impl:SubCommandMapping/private:_guards' type='Array' isStatic='false' isConst='false' defaultValue='unknown' >
</field>
<field name='_hooks' fullname='eu.alebianco.robotlegs.utils.impl:SubCommandMapping/private:_hooks' type='Array' isStatic='false' isConst='false' defaultValue='unknown' >
</field>
<field name='_payloads' fullname='eu.alebianco.robotlegs.utils.impl:SubCommandMapping/private:_payloads' type='Array' isStatic='false' isConst='false' defaultValue='unknown' >
</field>
<packageRec name='eu.alebianco.robotlegs.utils.impl.null' fullname='eu.alebianco.robotlegs.utils.impl.null'>
<description><![CDATA[
 Author:  Alessandro Bianco
 Website: http://alessandrobianco.eu
 Twitter: ]]></description>
<alebianco><![CDATA[Created: 26/07/12 8.32
  Copyright © 2011 - 2013 Alessandro Bianco
 ]]></alebianco>
</packageRec>
<classRec name='SequenceMacro' fullname='eu.alebianco.robotlegs.utils.impl:SequenceMacro' sourcefile='C:\Users\Alessandro\Skydrive\Workspace\Personal\robotlegs-utilities-macrobot\src\eu\alebianco\robotlegs\utils\impl\SequenceMacro.as' namespace='eu.alebianco.robotlegs.utils.impl' access='public' baseclass='eu.alebianco.robotlegs.utils.impl:AbstractMacro' interfaces='eu.alebianco.robotlegs.utils.api:IMacro' isFinal='false' isDynamic='false' >
</classRec>
<method name='commandCompleteHandler' fullname='eu.alebianco.robotlegs.utils.impl:SequenceMacro/protected:commandCompleteHandler' isStatic='false' isFinal='false' isOverride='true'  param_names='success' param_types='Boolean' param_defaults='undefined' result_type='void'>
</method>
<method name='dispatchComplete' fullname='eu.alebianco.robotlegs.utils.impl:SequenceMacro/protected:dispatchComplete' isStatic='false' isFinal='false' isOverride='true'  param_names='success' param_types='Boolean' param_defaults='undefined' result_type='void'>
</method>
<method name='executeNext' fullname='eu.alebianco.robotlegs.utils.impl:SequenceMacro/protected:executeNext' isStatic='false' isFinal='false' isOverride='false'  result_type='void'>
</method>
<method name='execute' fullname='eu.alebianco.robotlegs.utils.impl:SequenceMacro/execute' isStatic='false' isFinal='false' isOverride='true'  result_type='void'>
</method>
<method name='atomic' fullname='eu.alebianco.robotlegs.utils.impl:SequenceMacro/atomic/get' isStatic='false' isFinal='false' isOverride='false'  result_type='Boolean'>
</method>
<method name='hasCommands' fullname='eu.alebianco.robotlegs.utils.impl:SequenceMacro/private:hasCommands/get' isStatic='false' isFinal='false' isOverride='false'  result_type='Boolean'>
</method>
<method name='atomic' fullname='eu.alebianco.robotlegs.utils.impl:SequenceMacro/atomic/set' isStatic='false' isFinal='false' isOverride='false'  param_names='value' param_types='Boolean' param_defaults='undefined' result_type='void'>
</method>
<field name='_atomic' fullname='eu.alebianco.robotlegs.utils.impl:SequenceMacro/private:_atomic' type='Boolean' isStatic='false' isConst='false' defaultValue='true' >
</field>
<field name='commands' fullname='eu.alebianco.robotlegs.utils.impl:SequenceMacro/private:commands' type='Vector$eu.alebianco.robotlegs.utils.api:ISubCommandMapping' isStatic='false' isConst='false' >
</field>
<field name='executionIndex' fullname='eu.alebianco.robotlegs.utils.impl:SequenceMacro/private:executionIndex' type='uint' isStatic='false' isConst='false' >
</field>
<field name='running' fullname='eu.alebianco.robotlegs.utils.impl:SequenceMacro/private:running' type='Boolean' isStatic='false' isConst='false' defaultValue='false' >
</field>
<field name='success' fullname='eu.alebianco.robotlegs.utils.impl:SequenceMacro/private:success' type='Boolean' isStatic='false' isConst='false' defaultValue='true' >
</field>
<packageRec name='eu.alebianco.robotlegs.utils.impl.null' fullname='eu.alebianco.robotlegs.utils.impl.null'>
<description><![CDATA[
 Author:  Alessandro Bianco
 Website: http://alessandrobianco.eu
 Twitter: ]]></description>
<alebianco><![CDATA[Created: 26/07/12 8.32
  Copyright © 2011 - 2013 Alessandro Bianco
 ]]></alebianco>
</packageRec>
<classRec name='ParallelMacro' fullname='eu.alebianco.robotlegs.utils.impl:ParallelMacro' sourcefile='C:\Users\Alessandro\Skydrive\Workspace\Personal\robotlegs-utilities-macrobot\src\eu\alebianco\robotlegs\utils\impl\ParallelMacro.as' namespace='eu.alebianco.robotlegs.utils.impl' access='public' baseclass='eu.alebianco.robotlegs.utils.impl:AbstractMacro' interfaces='eu.alebianco.robotlegs.utils.api:IMacro' isFinal='false' isDynamic='false' >
</classRec>
<method name='commandCompleteHandler' fullname='eu.alebianco.robotlegs.utils.impl:ParallelMacro/protected:commandCompleteHandler' isStatic='false' isFinal='false' isOverride='true'  param_names='success' param_types='Boolean' param_defaults='undefined' result_type='void'>
</method>
<method name='dispatchComplete' fullname='eu.alebianco.robotlegs.utils.impl:ParallelMacro/protected:dispatchComplete' isStatic='false' isFinal='false' isOverride='true'  param_names='success' param_types='Boolean' param_defaults='undefined' result_type='void'>
</method>
<method name='execute' fullname='eu.alebianco.robotlegs.utils.impl:ParallelMacro/execute' isStatic='false' isFinal='false' isOverride='true'  result_type='void'>
</method>
<method name='hasCommands' fullname='eu.alebianco.robotlegs.utils.impl:ParallelMacro/private:hasCommands/get' isStatic='false' isFinal='false' isOverride='false'  result_type='Boolean'>
</method>
<field name='commands' fullname='eu.alebianco.robotlegs.utils.impl:ParallelMacro/private:commands' type='Vector$eu.alebianco.robotlegs.utils.api:ISubCommandMapping' isStatic='false' isConst='false' >
</field>
<field name='executionCount' fullname='eu.alebianco.robotlegs.utils.impl:ParallelMacro/private:executionCount' type='uint' isStatic='false' isConst='false' defaultValue='0' >
</field>
<field name='running' fullname='eu.alebianco.robotlegs.utils.impl:ParallelMacro/private:running' type='Boolean' isStatic='false' isConst='false' defaultValue='false' >
</field>
<field name='success' fullname='eu.alebianco.robotlegs.utils.impl:ParallelMacro/private:success' type='Boolean' isStatic='false' isConst='false' defaultValue='true' >
</field>
<classRec name='SubCommandInstanceMapping' fullname='eu.alebianco.robotlegs.utils.impl:SubCommandInstanceMapping' sourcefile='C:\Users\Alessandro\Skydrive\Workspace\Personal\robotlegs-utilities-macrobot\src\eu\alebianco\robotlegs\utils\impl\SubCommandInstanceMapping.as' namespace='eu.alebianco.robotlegs.utils.impl' access='public' baseclass='eu.alebianco.robotlegs.utils.impl:SubCommandMapping' isFinal='false' isDynamic='false' >
</classRec>
<method name='SubCommandInstanceMapping' fullname='eu.alebianco.robotlegs.utils.impl:SubCommandInstanceMapping/SubCommandInstanceMapping' isStatic='false' isFinal='false' isOverride='false'  param_names='instance' param_types='robotlegs.bender.extensions.commandCenter.api:ICommand' param_defaults='undefined' result_type='*'>
</method>
<method name='getOrCreateCommandInstance' fullname='eu.alebianco.robotlegs.utils.impl:SubCommandInstanceMapping/getOrCreateCommandInstance' isStatic='false' isFinal='false' isOverride='true'  param_names='injector' param_types='robotlegs.bender.framework.api:IInjector' param_defaults='undefined' result_type='robotlegs.bender.extensions.commandCenter.api:ICommand'>
</method>
<field name='_instance' fullname='eu.alebianco.robotlegs.utils.impl:SubCommandInstanceMapping/private:_instance' type='robotlegs.bender.extensions.commandCenter.api:ICommand' isStatic='false' isConst='false' >
</field>
</asdoc>
